dataset,class_name,prompt,content,concept_count
CIFAR10,airplane,"List the most important features for recognizing something as a ""goldfish"":
    <tag>bright orange color</tag>
    <tag>a small,round body</tag>
    <tag>a long flowing tail</tag>
    <tag>a small mouth</tag>
    <tag>orange fins</tag>

    List the most important features for recognizing something as a ""scuba diver"":
    <tag>a person wearing a scuba mask and breathing apparatus</tag>
    <tag>a wetsuit</tag>
    <tag>flippers</tag>
    <tag>diving tank</tag>

    List the most important features for recognizing something as a airplane:
    

    Your output should be in the following format:
    <tag>feature 1</tag>
    <tag>feature 2</tag>
    ...
    <tag>feature n</tag>","<tag>wings</tag>
    <tag>a fuselage</tag>
    <tag>an engine</tag>
    <tag>a tail</tag>",4
CIFAR10,airplane,"List the things most commonly seen around a ""tench"":
    <tag>a pond</tag>
    <tag>fish</tag>
    <tag>a net</tag>
    <tag>a rod</tag>
    <tag>a reel</tag>
    <tag>a hook</tag>
    <tag>bait</tag>

    List the things most commonly seen around a ""mountain"":
    <tag>a peak</tag>
    <tag>a valley</tag>
    <tag>a forest</tag>
    <tag>rocks</tag>
    <tag>dirt</tag>
    <tag>a trail</tag>
    <tag>animals</tag>

    List the things most commonly seen around a airplane:
    

    Your output should be in the following format:
    <tag>feature 1</tag>
    <tag>feature 2</tag>
    ...
    <tag>feature n</tag>","    <tag>wings</tag>
    <tag>an engine</tag>
    <tag>a fuselage</tag>
    <tag>a cockpit</tag>
    <tag>a runway</tag>
    <tag>a pilot</tag>
    <tag>clouds</tag>",7
CIFAR10,airplane,"Give superclasses for the word ""tench"":
    <tag>fish</tag>
    <tag>vertebrate</tag>
    <tag>animal</tag>

    Give superclasses for the word ""grasshopper"":
    <tag>insect</tag>
    <tag>arthropod</tag>
    <tag>animal</tag>

    Give superclasses for the word airplane:
    

    Your output should be in the following format:
    <tag>feature 1</tag>
    <tag>feature 2</tag>
    ...
    <tag>feature n</tag>","<tag>aircraft</tag>
<tag>vehicle</tag>
<tag>machine</tag>",3
CIFAR10,automobile,"List the most important features for recognizing something as a ""goldfish"":
    <tag>bright orange color</tag>
    <tag>a small,round body</tag>
    <tag>a long flowing tail</tag>
    <tag>a small mouth</tag>
    <tag>orange fins</tag>

    List the most important features for recognizing something as a ""scuba diver"":
    <tag>a person wearing a scuba mask and breathing apparatus</tag>
    <tag>a wetsuit</tag>
    <tag>flippers</tag>
    <tag>diving tank</tag>

    List the most important features for recognizing something as a automobile:
    

    Your output should be in the following format:
    <tag>feature 1</tag>
    <tag>feature 2</tag>
    ...
    <tag>feature n</tag>","<tag>wheels</tag>
    <tag>an engine</tag>
    <tag>a body or chassis</tag>
    <tag>a steering mechanism</tag>
    <tag>seats</tag>",5
CIFAR10,automobile,"List the things most commonly seen around a ""tench"":
    <tag>a pond</tag>
    <tag>fish</tag>
    <tag>a net</tag>
    <tag>a rod</tag>
    <tag>a reel</tag>
    <tag>a hook</tag>
    <tag>bait</tag>

    List the things most commonly seen around a ""mountain"":
    <tag>a peak</tag>
    <tag>a valley</tag>
    <tag>a forest</tag>
    <tag>rocks</tag>
    <tag>dirt</tag>
    <tag>a trail</tag>
    <tag>animals</tag>

    List the things most commonly seen around a automobile:
    

    Your output should be in the following format:
    <tag>feature 1</tag>
    <tag>feature 2</tag>
    ...
    <tag>feature n</tag>","<tag>wheels</tag>
    <tag>engine</tag>
    <tag>doors</tag>
    <tag>windows</tag>
    <tag>seats</tag>
    <tag>a steering wheel</tag>
    <tag>a road</tag>",7
CIFAR10,automobile,"Give superclasses for the word ""tench"":
    <tag>fish</tag>
    <tag>vertebrate</tag>
    <tag>animal</tag>

    Give superclasses for the word ""grasshopper"":
    <tag>insect</tag>
    <tag>arthropod</tag>
    <tag>animal</tag>

    Give superclasses for the word automobile:
    

    Your output should be in the following format:
    <tag>feature 1</tag>
    <tag>feature 2</tag>
    ...
    <tag>feature n</tag>","    <tag>vehicle</tag>
    <tag>machine</tag>
    <tag>transportation</tag>",3
CIFAR10,bird,"List the most important features for recognizing something as a ""goldfish"":
    <tag>bright orange color</tag>
    <tag>a small,round body</tag>
    <tag>a long flowing tail</tag>
    <tag>a small mouth</tag>
    <tag>orange fins</tag>

    List the most important features for recognizing something as a ""scuba diver"":
    <tag>a person wearing a scuba mask and breathing apparatus</tag>
    <tag>a wetsuit</tag>
    <tag>flippers</tag>
    <tag>diving tank</tag>

    List the most important features for recognizing something as a bird:
    

    Your output should be in the following format:
    <tag>feature 1</tag>
    <tag>feature 2</tag>
    ...
    <tag>feature n</tag>","<tag>wings</tag>
<tag>feathers</tag>
<tag>beak</tag>
<tag>two legs</tag>",4
CIFAR10,bird,"List the things most commonly seen around a ""tench"":
    <tag>a pond</tag>
    <tag>fish</tag>
    <tag>a net</tag>
    <tag>a rod</tag>
    <tag>a reel</tag>
    <tag>a hook</tag>
    <tag>bait</tag>

    List the things most commonly seen around a ""mountain"":
    <tag>a peak</tag>
    <tag>a valley</tag>
    <tag>a forest</tag>
    <tag>rocks</tag>
    <tag>dirt</tag>
    <tag>a trail</tag>
    <tag>animals</tag>

    List the things most commonly seen around a bird:
    

    Your output should be in the following format:
    <tag>feature 1</tag>
    <tag>feature 2</tag>
    ...
    <tag>feature n</tag>","    <tag>a nest</tag>
    <tag>a tree</tag>
    <tag>a sky</tag>
    <tag>feathers</tag>
    <tag>worms</tag>
    <tag>seeds</tag>
    <tag>a cage</tag>",7
CIFAR10,bird,"Give superclasses for the word ""tench"":
    <tag>fish</tag>
    <tag>vertebrate</tag>
    <tag>animal</tag>

    Give superclasses for the word ""grasshopper"":
    <tag>insect</tag>
    <tag>arthropod</tag>
    <tag>animal</tag>

    Give superclasses for the word bird:
    

    Your output should be in the following format:
    <tag>feature 1</tag>
    <tag>feature 2</tag>
    ...
    <tag>feature n</tag>","<tag>vertebrate</tag>
<tag>animal</tag>",2
CIFAR10,cat,"List the most important features for recognizing something as a ""goldfish"":
    <tag>bright orange color</tag>
    <tag>a small,round body</tag>
    <tag>a long flowing tail</tag>
    <tag>a small mouth</tag>
    <tag>orange fins</tag>

    List the most important features for recognizing something as a ""scuba diver"":
    <tag>a person wearing a scuba mask and breathing apparatus</tag>
    <tag>a wetsuit</tag>
    <tag>flippers</tag>
    <tag>diving tank</tag>

    List the most important features for recognizing something as a cat:
    

    Your output should be in the following format:
    <tag>feature 1</tag>
    <tag>feature 2</tag>
    ...
    <tag>feature n</tag>","<tag>fur</tag>
    <tag>whiskers</tag>
    <tag>pointy ears</tag>
    <tag>tail</tag>
    <tag>paws</tag>",5
CIFAR10,cat,"List the things most commonly seen around a ""tench"":
    <tag>a pond</tag>
    <tag>fish</tag>
    <tag>a net</tag>
    <tag>a rod</tag>
    <tag>a reel</tag>
    <tag>a hook</tag>
    <tag>bait</tag>

    List the things most commonly seen around a ""mountain"":
    <tag>a peak</tag>
    <tag>a valley</tag>
    <tag>a forest</tag>
    <tag>rocks</tag>
    <tag>dirt</tag>
    <tag>a trail</tag>
    <tag>animals</tag>

    List the things most commonly seen around a cat:
    

    Your output should be in the following format:
    <tag>feature 1</tag>
    <tag>feature 2</tag>
    ...
    <tag>feature n</tag>","<tag>food bowl</tag>
<tag>water bowl</tag>
<tag>litter box</tag>
<tag>toys</tag>
<tag>scratching post</tag>
<tag>bed</tag>
<tag>couch</tag>
<tag>windows</tag>
<tag>sunbeams</tag>",9
CIFAR10,cat,"Give superclasses for the word ""tench"":
    <tag>fish</tag>
    <tag>vertebrate</tag>
    <tag>animal</tag>

    Give superclasses for the word ""grasshopper"":
    <tag>insect</tag>
    <tag>arthropod</tag>
    <tag>animal</tag>

    Give superclasses for the word cat:
    

    Your output should be in the following format:
    <tag>feature 1</tag>
    <tag>feature 2</tag>
    ...
    <tag>feature n</tag>","<tag>mammal</tag>
<tag>vertebrate</tag>
<tag>animal</tag>",3
CIFAR10,deer,"List the most important features for recognizing something as a ""goldfish"":
    <tag>bright orange color</tag>
    <tag>a small,round body</tag>
    <tag>a long flowing tail</tag>
    <tag>a small mouth</tag>
    <tag>orange fins</tag>

    List the most important features for recognizing something as a ""scuba diver"":
    <tag>a person wearing a scuba mask and breathing apparatus</tag>
    <tag>a wetsuit</tag>
    <tag>flippers</tag>
    <tag>diving tank</tag>

    List the most important features for recognizing something as a deer:
    

    Your output should be in the following format:
    <tag>feature 1</tag>
    <tag>feature 2</tag>
    ...
    <tag>feature n</tag>","<tag>four legs</tag>
<tag>antlers</tag>
<tag>brown or reddish-brown fur</tag>
<tag>a slender body</tag>
<tag>a short tail</tag>",5
CIFAR10,deer,"List the things most commonly seen around a ""tench"":
    <tag>a pond</tag>
    <tag>fish</tag>
    <tag>a net</tag>
    <tag>a rod</tag>
    <tag>a reel</tag>
    <tag>a hook</tag>
    <tag>bait</tag>

    List the things most commonly seen around a ""mountain"":
    <tag>a peak</tag>
    <tag>a valley</tag>
    <tag>a forest</tag>
    <tag>rocks</tag>
    <tag>dirt</tag>
    <tag>a trail</tag>
    <tag>animals</tag>

    List the things most commonly seen around a deer:
    

    Your output should be in the following format:
    <tag>feature 1</tag>
    <tag>feature 2</tag>
    ...
    <tag>feature n</tag>","<tag>a forest</tag>
<tag>a meadow</tag>
<tag>grass</tag>
<tag>trees</tag>
<tag>plants</tag>
<tag>a herd</tag>
<tag>other deer</tag>",7
CIFAR10,deer,"Give superclasses for the word ""tench"":
    <tag>fish</tag>
    <tag>vertebrate</tag>
    <tag>animal</tag>

    Give superclasses for the word ""grasshopper"":
    <tag>insect</tag>
    <tag>arthropod</tag>
    <tag>animal</tag>

    Give superclasses for the word deer:
    

    Your output should be in the following format:
    <tag>feature 1</tag>
    <tag>feature 2</tag>
    ...
    <tag>feature n</tag>","<tag>mammal</tag>
<tag>vertebrate</tag>
<tag>animal</tag>",3
CIFAR10,dog,"List the most important features for recognizing something as a ""goldfish"":
    <tag>bright orange color</tag>
    <tag>a small,round body</tag>
    <tag>a long flowing tail</tag>
    <tag>a small mouth</tag>
    <tag>orange fins</tag>

    List the most important features for recognizing something as a ""scuba diver"":
    <tag>a person wearing a scuba mask and breathing apparatus</tag>
    <tag>a wetsuit</tag>
    <tag>flippers</tag>
    <tag>diving tank</tag>

    List the most important features for recognizing something as a dog:
    

    Your output should be in the following format:
    <tag>feature 1</tag>
    <tag>feature 2</tag>
    ...
    <tag>feature n</tag>","<tag>four legs</tag>
<tag>a tail</tag>
<tag>fur</tag>
<tag>a snout</tag>
<tag>barking</tag>",5
CIFAR10,dog,"List the things most commonly seen around a ""tench"":
    <tag>a pond</tag>
    <tag>fish</tag>
    <tag>a net</tag>
    <tag>a rod</tag>
    <tag>a reel</tag>
    <tag>a hook</tag>
    <tag>bait</tag>

    List the things most commonly seen around a ""mountain"":
    <tag>a peak</tag>
    <tag>a valley</tag>
    <tag>a forest</tag>
    <tag>rocks</tag>
    <tag>dirt</tag>
    <tag>a trail</tag>
    <tag>animals</tag>

    List the things most commonly seen around a dog:
    

    Your output should be in the following format:
    <tag>feature 1</tag>
    <tag>feature 2</tag>
    ...
    <tag>feature n</tag>","<tag>a leash</tag>
<tag>a collar</tag>
<tag>a bowl</tag>
<tag>a bed</tag>
<tag>a toy</tag>
<tag>food</tag>
<tag>water</tag>",7
CIFAR10,dog,"Give superclasses for the word ""tench"":
    <tag>fish</tag>
    <tag>vertebrate</tag>
    <tag>animal</tag>

    Give superclasses for the word ""grasshopper"":
    <tag>insect</tag>
    <tag>arthropod</tag>
    <tag>animal</tag>

    Give superclasses for the word dog:
    

    Your output should be in the following format:
    <tag>feature 1</tag>
    <tag>feature 2</tag>
    ...
    <tag>feature n</tag>","<tag>mammal</tag>
<tag>canine</tag>
<tag>vertebrate</tag>
<tag>animal</tag>",4
CIFAR10,frog,"List the most important features for recognizing something as a ""goldfish"":
    <tag>bright orange color</tag>
    <tag>a small,round body</tag>
    <tag>a long flowing tail</tag>
    <tag>a small mouth</tag>
    <tag>orange fins</tag>

    List the most important features for recognizing something as a ""scuba diver"":
    <tag>a person wearing a scuba mask and breathing apparatus</tag>
    <tag>a wetsuit</tag>
    <tag>flippers</tag>
    <tag>diving tank</tag>

    List the most important features for recognizing something as a frog:
    

    Your output should be in the following format:
    <tag>feature 1</tag>
    <tag>feature 2</tag>
    ...
    <tag>feature n</tag>","<tag>smooth, moist skin</tag>
<tag>large, bulging eyes</tag>
<tag>long, webbed hind legs for jumping</tag>
<tag>a wide mouth</tag>
<tag>a slender body</tag>",5
CIFAR10,frog,"List the things most commonly seen around a ""tench"":
    <tag>a pond</tag>
    <tag>fish</tag>
    <tag>a net</tag>
    <tag>a rod</tag>
    <tag>a reel</tag>
    <tag>a hook</tag>
    <tag>bait</tag>

    List the things most commonly seen around a ""mountain"":
    <tag>a peak</tag>
    <tag>a valley</tag>
    <tag>a forest</tag>
    <tag>rocks</tag>
    <tag>dirt</tag>
    <tag>a trail</tag>
    <tag>animals</tag>

    List the things most commonly seen around a frog:
    

    Your output should be in the following format:
    <tag>feature 1</tag>
    <tag>feature 2</tag>
    ...
    <tag>feature n</tag>","<tag>a pond</tag>
<tag>a lake</tag>
<tag>a stream</tag>
<tag>water</tag>
<tag>lily pads</tag>
<tag>insects</tag>
<tag>flies</tag>",7
CIFAR10,frog,"Give superclasses for the word ""tench"":
    <tag>fish</tag>
    <tag>vertebrate</tag>
    <tag>animal</tag>

    Give superclasses for the word ""grasshopper"":
    <tag>insect</tag>
    <tag>arthropod</tag>
    <tag>animal</tag>

    Give superclasses for the word frog:
    

    Your output should be in the following format:
    <tag>feature 1</tag>
    <tag>feature 2</tag>
    ...
    <tag>feature n</tag>","<tag>amphibian</tag>
<tag>vertebrate</tag>
<tag>animal</tag>",3
CIFAR10,horse,"List the most important features for recognizing something as a ""goldfish"":
    <tag>bright orange color</tag>
    <tag>a small,round body</tag>
    <tag>a long flowing tail</tag>
    <tag>a small mouth</tag>
    <tag>orange fins</tag>

    List the most important features for recognizing something as a ""scuba diver"":
    <tag>a person wearing a scuba mask and breathing apparatus</tag>
    <tag>a wetsuit</tag>
    <tag>flippers</tag>
    <tag>diving tank</tag>

    List the most important features for recognizing something as a horse:
    

    Your output should be in the following format:
    <tag>feature 1</tag>
    <tag>feature 2</tag>
    ...
    <tag>feature n</tag>","    <tag>a large, hoofed mammal with a long mane and tail</tag>
    <tag>four legs</tag>
    <tag>a long snout</tag>
    <tag>ears that can rotate</tag>",4
CIFAR10,horse,"List the things most commonly seen around a ""tench"":
    <tag>a pond</tag>
    <tag>fish</tag>
    <tag>a net</tag>
    <tag>a rod</tag>
    <tag>a reel</tag>
    <tag>a hook</tag>
    <tag>bait</tag>

    List the things most commonly seen around a ""mountain"":
    <tag>a peak</tag>
    <tag>a valley</tag>
    <tag>a forest</tag>
    <tag>rocks</tag>
    <tag>dirt</tag>
    <tag>a trail</tag>
    <tag>animals</tag>

    List the things most commonly seen around a horse:
    

    Your output should be in the following format:
    <tag>feature 1</tag>
    <tag>feature 2</tag>
    ...
    <tag>feature n</tag>","<tag>a stable</tag>
<tag>a field</tag>
<tag>a saddle</tag>
<tag>a bridle</tag>
<tag>a horse blanket</tag>
<tag>hay</tag>
<tag>water</tag>",7
CIFAR10,horse,"Give superclasses for the word ""tench"":
    <tag>fish</tag>
    <tag>vertebrate</tag>
    <tag>animal</tag>

    Give superclasses for the word ""grasshopper"":
    <tag>insect</tag>
    <tag>arthropod</tag>
    <tag>animal</tag>

    Give superclasses for the word horse:
    

    Your output should be in the following format:
    <tag>feature 1</tag>
    <tag>feature 2</tag>
    ...
    <tag>feature n</tag>","<tag>mammal</tag>
<tag>vertebrate</tag>
<tag>animal</tag>",3
CIFAR10,ship,"List the most important features for recognizing something as a ""goldfish"":
    <tag>bright orange color</tag>
    <tag>a small,round body</tag>
    <tag>a long flowing tail</tag>
    <tag>a small mouth</tag>
    <tag>orange fins</tag>

    List the most important features for recognizing something as a ""scuba diver"":
    <tag>a person wearing a scuba mask and breathing apparatus</tag>
    <tag>a wetsuit</tag>
    <tag>flippers</tag>
    <tag>diving tank</tag>

    List the most important features for recognizing something as a ship:
    

    Your output should be in the following format:
    <tag>feature 1</tag>
    <tag>feature 2</tag>
    ...
    <tag>feature n</tag>","<tag>a large hull</tag>
    <tag>a deck</tag>
    <tag>a superstructure</tag>
    <tag>one or more masts</tag>
    <tag>a bow and a stern</tag>",5
CIFAR10,ship,"List the things most commonly seen around a ""tench"":
    <tag>a pond</tag>
    <tag>fish</tag>
    <tag>a net</tag>
    <tag>a rod</tag>
    <tag>a reel</tag>
    <tag>a hook</tag>
    <tag>bait</tag>

    List the things most commonly seen around a ""mountain"":
    <tag>a peak</tag>
    <tag>a valley</tag>
    <tag>a forest</tag>
    <tag>rocks</tag>
    <tag>dirt</tag>
    <tag>a trail</tag>
    <tag>animals</tag>

    List the things most commonly seen around a ship:
    

    Your output should be in the following format:
    <tag>feature 1</tag>
    <tag>feature 2</tag>
    ...
    <tag>feature n</tag>","<tag>the sea</tag>
<tag>the ocean</tag>
<tag>a port</tag>
<tag>a dock</tag>
<tag>a crew</tag>
<tag>a captain</tag>
<tag>a flag</tag>",7
CIFAR10,ship,"Give superclasses for the word ""tench"":
    <tag>fish</tag>
    <tag>vertebrate</tag>
    <tag>animal</tag>

    Give superclasses for the word ""grasshopper"":
    <tag>insect</tag>
    <tag>arthropod</tag>
    <tag>animal</tag>

    Give superclasses for the word ship:
    

    Your output should be in the following format:
    <tag>feature 1</tag>
    <tag>feature 2</tag>
    ...
    <tag>feature n</tag>","    <tag>boat</tag>
    <tag>watercraft</tag>
    <tag>vehicle</tag>
    <tag>object</tag>",4
CIFAR10,truck,"List the most important features for recognizing something as a ""goldfish"":
    <tag>bright orange color</tag>
    <tag>a small,round body</tag>
    <tag>a long flowing tail</tag>
    <tag>a small mouth</tag>
    <tag>orange fins</tag>

    List the most important features for recognizing something as a ""scuba diver"":
    <tag>a person wearing a scuba mask and breathing apparatus</tag>
    <tag>a wetsuit</tag>
    <tag>flippers</tag>
    <tag>diving tank</tag>

    List the most important features for recognizing something as a truck:
    

    Your output should be in the following format:
    <tag>feature 1</tag>
    <tag>feature 2</tag>
    ...
    <tag>feature n</tag>","<tag>a large cargo bed</tag>
<tag>a powerful engine</tag>
<tag>large wheels</tag>
<tag>a cab for the driver</tag>",4
CIFAR10,truck,"List the things most commonly seen around a ""tench"":
    <tag>a pond</tag>
    <tag>fish</tag>
    <tag>a net</tag>
    <tag>a rod</tag>
    <tag>a reel</tag>
    <tag>a hook</tag>
    <tag>bait</tag>

    List the things most commonly seen around a ""mountain"":
    <tag>a peak</tag>
    <tag>a valley</tag>
    <tag>a forest</tag>
    <tag>rocks</tag>
    <tag>dirt</tag>
    <tag>a trail</tag>
    <tag>animals</tag>

    List the things most commonly seen around a truck:
    

    Your output should be in the following format:
    <tag>feature 1</tag>
    <tag>feature 2</tag>
    ...
    <tag>feature n</tag>","<tag>wheels</tag>
<tag>an engine</tag>
<tag>a cabin</tag>
<tag>cargo</tag>
<tag>a trailer</tag>
<tag>fuel</tag>
<tag>a road</tag>",7
CIFAR10,truck,"Give superclasses for the word ""tench"":
    <tag>fish</tag>
    <tag>vertebrate</tag>
    <tag>animal</tag>

    Give superclasses for the word ""grasshopper"":
    <tag>insect</tag>
    <tag>arthropod</tag>
    <tag>animal</tag>

    Give superclasses for the word truck:
    

    Your output should be in the following format:
    <tag>feature 1</tag>
    <tag>feature 2</tag>
    ...
    <tag>feature n</tag>","    <tag>vehicle</tag>
    <tag>machine</tag>",2
